filename,group_id,has_transformations,group_size,transform_type,verification_method
ae3797b817725d66_4bbb48dc_64cb_4777_be6b_2bae6c9c1444_com_g_spm_fl_1145_fliptb.jpg,fl_1145,YES,2,flip_vertical,pattern_confirmed
ee9ab8a0439300cc_4bbb48dc_64cb_4777_be6b_2bae6c9c1444_com_g_spm_fl_1145_180deg.jpg,fl_1145,YES,2,rotate_180,pattern_confirmed
145791d45607dc0c_3d56ef50_1028_4b69_b04c_e1800cc740aa_com_g_spm_fl_1440.jpg,fl_1440,YES,3,identity,pattern_confirmed
49890a0aa6b4c0a9_3d56ef50_1028_4b69_b04c_e1800cc740aa_com_g_spm_fl_1440_fliptb.jpg,fl_1440,YES,3,flip_vertical,pattern_confirmed
d6253ba1a46f1ff4_3d56ef50_1028_4b69_b04c_e1800cc740aa_com_g_spm_fl_1440_180deg.jpg,fl_1440,YES,3,rotate_180,pattern_confirmed
40171395e5bf1342_4ec05191_b512_43a4_91bb_1b4a28d12207_com_g_spm_fl_9434_fliptb.jpg,fl_9434,YES,2,flip_vertical,pattern_confirmed
97afbb5ed0add9cb_4ec05191_b512_43a4_91bb_1b4a28d12207_com_g_spm_fl_9434_180deg.jpg,fl_9434,YES,2,rotate_180,pattern_confirmed
f25602ea1745f861_0a246e71_0551_4603_a017_d1dfc4ea06be_com_g_spm_fl_1178_fliptb.jpg,fl_1178,YES,2,flip_vertical,pattern_confirmed
1d2540fdaf76eb40_0a246e71_0551_4603_a017_d1dfc4ea06be_com_g_spm_fl_1178_180deg.jpg,fl_1178,YES,2,rotate_180,pattern_confirmed
748f1e01ef235c65_5dead4dc_bc58_4470_9d86_3d5cb6be14b7_com_g_spm_fl_1471_180deg.jpg,fl_1471,YES,2,rotate_180,pattern_confirmed
8602c2a9ec8a4e09_5dead4dc_bc58_4470_9d86_3d5cb6be14b7_com_g_spm_fl_1471_fliptb.jpg,fl_1471,YES,2,flip_vertical,pattern_confirmed
d627cd168a460963_5d41d1f6_6e1c_401c_9ac3_d81683ea1191_com_g_spm_fl_9030_180deg.jpg,fl_9030,YES,2,rotate_180,pattern_confirmed
ed490c8160942b26_5d41d1f6_6e1c_401c_9ac3_d81683ea1191_com_g_spm_fl_9030_fliptb.jpg,fl_9030,YES,2,flip_vertical,pattern_confirmed
dfcd258e44bb9602_2af7c6b3_d37c_4f2f_9129_ea679437740c_com_g_spm_fl_8545_fliptb.jpg,fl_8545,YES,2,flip_vertical,pattern_confirmed
9b13e135d4c44936_2af7c6b3_d37c_4f2f_9129_ea679437740c_com_g_spm_fl_8545_180deg.jpg,fl_8545,YES,2,rotate_180,pattern_confirmed
bad2c2ddd04be361_f583df26_3eb8_431c_8171_ead493c7acfd_com_g_spm_fl_9035.jpg,unique_bad2c2ddd0,NO,1,identity,unique_confirmed
457e35006b55b9a6_bc67ad59_d7a0_4382_96dd_e05a19f7efb2_com_g_spm_fl_1552.jpg,unique_457e35006b,NO,1,identity,unique_confirmed
16adefdb7445040f_2a686a22_3384_43b6_a0e1_4b176ebde206_com_g_spm_fl_9635.jpg,unique_16adefdb74,NO,1,identity,unique_confirmed
44059d2c96d55c13_4b1d558e_7ffb_409b_bf8e_9b665519e896_com_g_spm_fl_8746.jpg,unique_44059d2c96,NO,1,identity,unique_confirmed
9335485d1f9455dd_8f2eedcb_2e42_4d92_8492_a45c1fb06991_com_g_spm_fl_8525.jpg,unique_9335485d1f,NO,1,identity,unique_confirmed
4b6fe13bb14ed98d_c9f90de8_89ec_4a39_a117_30c89006a204_com_g_spm_fl_1281.jpg,unique_4b6fe13bb1,NO,1,identity,unique_confirmed
bb8968574c43398f_6097d83a_d5e8_4588_af45_69acd79acd0d_com_g_spm_fl_8966.jpg,unique_bb8968574c,NO,1,identity,unique_confirmed
d24990356d4f5f8e_eac6b680_4e8b_48bf_b85b_c2296d7c1853_com_g_spm_fl_9565.jpg,unique_d24990356d,NO,1,identity,unique_confirmed
ee27921bffa6f1f1_f3d536e0_cb34_44f8_a66f_afa559e3529e_com_g_spm_fl_8936.jpg,unique_ee27921bff,NO,1,identity,unique_confirmed
1630a3b72386fb3a_0d956449_8243_4229_b293_124461cc4940_com_g_spm_fl_9325.jpg,unique_1630a3b723,NO,1,identity,unique_confirmed
ed77d0803b77d1ae_792c1530_f0d0_48c2_856d_6bb7003fbece_com_g_spm_fl_8475.jpg,unique_ed77d0803b,NO,1,identity,unique_confirmed
101976484667a628_3fe4c6c1_6c3b_45ec_83e7_24eb41e6a20c_com_g_spm_fl_8519.jpg,unique_1019764846,NO,1,identity,unique_confirmed
d0dabaf1a22f7017_1e2f0007_3bba_4d4c_b533_879a2be8ac04_com_g_spm_fl_9603.jpg,unique_d0dabaf1a2,NO,1,identity,unique_confirmed
9d8a04581ec008fd_83bc9c0d_4031_41ab_a636_45fcb01b1983_com_g_spm_fl_9380.jpg,unique_9d8a04581e,NO,1,identity,unique_confirmed
d1214424e0bab4c6_79d0c780_0b2c_45c2_ba3d_dea493a936e6_com_g_spm_fl_1192.jpg,unique_d1214424e0,NO,1,identity,unique_confirmed
09b49641dc9c5dbe_7c7755cb_8fad_44b0_a525_373c5840f1c3_com_g_spm_fl_1486.jpg,unique_09b49641dc,NO,1,identity,unique_confirmed
6d281d3036e7c821_12d44209_1468_475a_abc1_26aed11f2ab5_com_g_spm_fl_8759.jpg,unique_6d281d3036,NO,1,identity,unique_confirmed
b64cd9d51a6c71c0_49d75a64_a635_4ad0_bb8d_09678e63fd02_com_g_spm_fl_1736.jpg,unique_b64cd9d51a,NO,1,identity,unique_confirmed
05b2a98037cd06f2_cfc8ff1c_5abb_41ef_adf9_c7b1a20d5e67_com_g_spm_fl_8743.jpg,unique_05b2a98037,NO,1,identity,unique_confirmed
47752af9e948c303_a515cf30_960a_46ec_b19a_9d66894029d6_com_g_spm_fl_9519.jpg,unique_47752af9e9,NO,1,identity,unique_confirmed
ee446c66706809be_2150b3d6_e3fe_4a45_8355_107954d843c8_com_g_spm_fl_8578.jpg,unique_ee446c6670,NO,1,identity,unique_confirmed
e2ff0fcce6ef05a4_7fa60228_7a59_48fc_aee4_035fb71c403c_com_g_spm_fl_9458.jpg,unique_e2ff0fcce6,NO,1,identity,unique_confirmed
1098a05cea70d4be_5597ebf9_13fb_4851_baad_403c7c86e61e_com_g_spm_fl_1595.jpg,unique_1098a05cea,NO,1,identity,unique_confirmed
70cf49b4461dea71_a9614208_7dc8_46c3_98de_d0af5dcf3117_com_g_spm_fl_8910.jpg,unique_70cf49b446,NO,1,identity,unique_confirmed
ecbe70309160fc7d_d2785da0_30ff_49d1_bf7d_9a2f07412b64_com_g_spm_fl_1149.jpg,unique_ecbe703091,NO,1,identity,unique_confirmed
76cbdf11af6eb9f5_7ee4836e_8c31_4c01_bd17_382df20083dc_com_g_spm_fl_9493.jpg,unique_76cbdf11af,NO,1,identity,unique_confirmed
61db593d13f404ec_70953427_6b99_4bce_9340_640c5316f52a_com_g_spm_fl_9589.jpg,unique_61db593d13,NO,1,identity,unique_confirmed
fb3899a2dfa3bfa9_f15573ed_d838_4a50_b405_75aca255b610_com_g_spm_fl_8533.jpg,unique_fb3899a2df,NO,1,identity,unique_confirmed
8f5a7d6c28f0a9c8_f9493a24_68a7_4c75_b943_0fe5b69405df_com_g_spm_fl_8648.jpg,unique_8f5a7d6c28,NO,1,identity,unique_confirmed
a60a2441c607187b_0956a6ef_18ce_4a82_a9a1_ca41d07ae13f_com_g_spm_fl_9371.jpg,unique_a60a2441c6,NO,1,identity,unique_confirmed
34b6facd72dc4454_db594718_ad38_4d28_969c_c4bac1b5bbe1_com_g_spm_fl_8443.jpg,unique_34b6facd72,NO,1,identity,unique_confirmed
b28de805e9ba55fe_d8c4f4fd_92b9_4e04_9b76_66285d2cd703_com_g_spm_fl_9611.jpg,unique_b28de805e9,NO,1,identity,unique_confirmed
4069bdb97edf2e13_6ad11f4a_0932_412b_86bb_df6f9a7f3dae_com_g_spm_fl_9549.jpg,unique_4069bdb97e,NO,1,identity,unique_confirmed
4f5c4b535013968c_e5515850_5866_4ba5_a049_347b14d0bc4f_com_g_spm_fl_8844.jpg,unique_4f5c4b5350,NO,1,identity,unique_confirmed
e3a1f06f2ce8efb2_4aba5f7f_3081_4dbe_9009_f70d962622fa_com_g_spm_fl_1619.jpg,unique_e3a1f06f2c,NO,1,identity,unique_confirmed
60a14fb284362c00_26c1a596_cb42_49b1_b4f5_ab0c6a8ee82c_com_g_spm_fl_8969.jpg,unique_60a14fb284,NO,1,identity,unique_confirmed
91f39ca0e23ad509_b6c84c96_c05b_426a_8b3e_f55338ece18e_com_g_spm_fl_1143.jpg,unique_91f39ca0e2,NO,1,identity,unique_confirmed
90e46df4fc368330_f3c249e6_04bc_4b2d_b964_d79881c4b7b9_com_g_spm_fl_1279.jpg,unique_90e46df4fc,NO,1,identity,unique_confirmed
7526ff386119dcc5_b1f317e9_70b9_4479_9004_27d0dd72d813_com_g_spm_fl_8865.jpg,unique_7526ff3861,NO,1,identity,unique_confirmed
9d8226b31f4b0db9_da35732b_f238_4099_bac4_f8bd5aaa9650_com_g_spm_fl_8998.jpg,unique_9d8226b31f,NO,1,identity,unique_confirmed
a7789378c2af95b4_0ade19e4_c48b_4e58_bddf_153d44d48c3e_com_g_spm_fl_9449.jpg,unique_a7789378c2,NO,1,identity,unique_confirmed
2b9d558ccfb41cff_2035804b_547e_473b_a510_7773a7ff2c58_com_g_spm_fl_9359.jpg,unique_2b9d558ccf,NO,1,identity,unique_confirmed
3e136302edaa7308_a865eaa1_aeb5_4e74_9e8d_274d7295b070_com_g_spm_fl_1494.jpg,unique_3e136302ed,NO,1,identity,unique_confirmed
e612fc6e5d21ce32_e1c88203_3d8b_410f_9d4b_d35c7a735ddf_com_g_spm_fl_1267.jpg,unique_e612fc6e5d,NO,1,identity,unique_confirmed
bb5245a14b63c6c8_55a69cc9_7404_469c_a367_bd54f182c2a5_com_g_spm_fl_9409.jpg,unique_bb5245a14b,NO,1,identity,unique_confirmed
3a2398fd014a52b1_be731b6f_179f_436f_93eb_851f833575a9_com_g_spm_fl_1291.jpg,unique_3a2398fd01,NO,1,identity,unique_confirmed
50cac855d84d97aa_8cfb09a9_81f5_4d7f_b5d2_459ae2cead76_com_g_spm_fl_8536.jpg,unique_50cac855d8,NO,1,identity,unique_confirmed
bbda928e8a55d1cb_3b12d772_00c3_4cf9_9e2f_25f6aa027790_com_g_spm_fl_1244.jpg,unique_bbda928e8a,NO,1,identity,unique_confirmed
3128367d7445b091_ac0382a1_02b3_4ac9_a15c_b530488fd92b_com_g_spm_fl_9330.jpg,unique_3128367d74,NO,1,identity,unique_confirmed
d7fd1ff98bed117f_d55db937_a4ad_4a47_b15e_831437e51a17_com_g_spm_fl_1611.jpg,unique_d7fd1ff98b,NO,1,identity,unique_confirmed
a1ef4f76e1c5017c_ec9d26e5_50f0_4684_a90e_4a5eae635e6b_com_g_spm_fl_9032.jpg,unique_a1ef4f76e1,NO,1,identity,unique_confirmed
91e19eb3b7a4fbc0_f600d9c2_090a_4711_a3ac_8d48a709173d_com_g_spm_fl_1774.jpg,unique_91e19eb3b7,NO,1,identity,unique_confirmed
ba6f082fc96a2ba9_c7f31a82_edfb_4462_88d9_d284b51aef83_com_g_spm_fl_8979.jpg,unique_ba6f082fc9,NO,1,identity,unique_confirmed
b00da299ff2ed1b2_e8fdb2d7_cb99_493b_9b2f_2b3e62ae06f1_com_g_spm_fl_9450.jpg,unique_b00da299ff,NO,1,identity,unique_confirmed
9ef6e21b4f99bfaf_c185d063_6518_4314_82e2_fa154e70c886_com_g_spm_fl_1347.jpg,unique_9ef6e21b4f,NO,1,identity,unique_confirmed
f4d96629f56d5703_5618d5c6_1428_4c65_a1de_5dc814f6626d_com_g_spm_fl_9026.jpg,unique_f4d96629f5,NO,1,identity,unique_confirmed
1c6621750d0df4be_6e543dfb_0c4e_46de_8c2d_f553491d085d_com_g_spm_fl_8597.jpg,unique_1c6621750d,NO,1,identity,unique_confirmed
61e4bff4a81e694a_83d3d054_0ca6_41bd_9b65_ae5d27f9605d_com_g_spm_fl_1384.jpg,unique_61e4bff4a8,NO,1,identity,unique_confirmed
f321f4c834592ace_9e4b3cc6_afd7_49a2_9609_ec1bbd92b92d_com_g_spm_fl_1683.jpg,unique_f321f4c834,NO,1,identity,unique_confirmed
52680011ac3dcdf0_0f94b000_c54f_45c1_b976_22cb57dda0c4_com_g_spm_fl_9640.jpg,unique_52680011ac,NO,1,identity,unique_confirmed
9d97d226f573a103_e4da478e_a763_4eef_960a_2588126d4cd5_com_g_spm_fl_9348.jpg,unique_9d97d226f5,NO,1,identity,unique_confirmed
76d9b6b2ba7f6349_b9b00f29_ad37_4286_8229_504bc5921c44_com_g_spm_fl_1268.jpg,unique_76d9b6b2ba,NO,1,identity,unique_confirmed
19aa2d94cc46f761_00bc7858_1dca_4bfb_a828_225f03bd72a5_com_g_spm_fl_9455.jpg,unique_19aa2d94cc,NO,1,identity,unique_confirmed
1dfac40de0866375_f4f765b8_958b_4266_981e_2320454ac4ab_com_g_spm_fl_9356.jpg,unique_1dfac40de0,NO,1,identity,unique_confirmed
bf716058aee038de_8267018a_a4fa_420b_9cdb_6f44b150459f_com_g_spm_fl_8832.jpg,unique_bf716058ae,NO,1,identity,unique_confirmed
eb32902946ec7f97_74888991_5de0_4851_affd_dd93d6fba9ce_com_g_spm_fl_1658.jpg,unique_eb32902946,NO,1,identity,unique_confirmed
69a9730e0d3d6d76_c40d9ccd_549c_4d31_b920_c05d6107b27d_com_g_spm_fl_9557.jpg,unique_69a9730e0d,NO,1,identity,unique_confirmed
3f00e63eb6275bab_dba37938_bb5c_41cd_9a81_76827e1e2bbd_com_g_spm_fl_9466.jpg,unique_3f00e63eb6,NO,1,identity,unique_confirmed
488caa2e663e862c_13d29393_08c1_4e17_ba66_b31e4f9c970e_com_g_spm_fl_1211.jpg,unique_488caa2e66,NO,1,identity,unique_confirmed
78bae7e78d75f974_9b787da2_922e_4a68_b488_434c967b2fe9_com_g_spm_fl_8968.jpg,unique_78bae7e78d,NO,1,identity,unique_confirmed
8f3838f78d8a4fe5_61a3ac73_33bd_4a80_9d0b_be731d945c8f_com_g_spm_fl_8472.jpg,unique_8f3838f78d,NO,1,identity,unique_confirmed
87d60ec2a6134a66_7b9df257_971c_4c49_953c_1fe7760f8be9_com_g_spm_fl_8603.jpg,unique_87d60ec2a6,NO,1,identity,unique_confirmed
91ab8e5dc1375ffd_bd686fc4_6f2b_4139_b1c9_ef58ad3542c8_com_g_spm_fl_8438.jpg,unique_91ab8e5dc1,NO,1,identity,unique_confirmed
270efe5e316ccec9_f30a97b5_ab4e_430e_8abe_217aca9532ce_com_g_spm_fl_9384.jpg,unique_270efe5e31,NO,1,identity,unique_confirmed
42be82a9e80ed872_efdab5e4_a0bc_4af3_9179_2afd3b72e82a_com_g_spm_fl_1674.jpg,unique_42be82a9e8,NO,1,identity,unique_confirmed
52a70b4072bfc3f9_a74561dc_37d9_407f_bb58_596344859fa3_com_g_spm_fl_8517.jpg,unique_52a70b4072,NO,1,identity,unique_confirmed
cd43647ee7b76cd1_3a54bf13_626b_4d55_b445_127cc82a52a6_com_g_spm_fl_1243.jpg,unique_cd43647ee7,NO,1,identity,unique_confirmed
c3045b0722c15b09_cd69a28b_61e1_476c_8a44_9c584cde6c2a_com_g_spm_fl_9481.jpg,unique_c3045b0722,NO,1,identity,unique_confirmed
d95c0fb10d790aee_f726fc46_fa81_4bff_9964_496708584300_com_g_spm_fl_8669.jpg,unique_d95c0fb10d,NO,1,identity,unique_confirmed
a043483ce36e7a6f_c2da4a64_db25_4881_85ef_9b6885e00fb2_com_g_spm_fl_9616.jpg,unique_a043483ce3,NO,1,identity,unique_confirmed
be859469caf1dfea_9d742c04_bb79_470d_b924_2dce2506d055_com_g_spm_fl_1546.jpg,unique_be859469ca,NO,1,identity,unique_confirmed
122dd6efa010d343_8c3ccc36_216d_4249_af4f_a6d41f9991d5_com_g_spm_fl_9022.jpg,unique_122dd6efa0,NO,1,identity,unique_confirmed
0a9a668acf39f667_200410b0_390d_406f_aa66_5573ec4d8e04_com_g_spm_fl_1214.jpg,unique_0a9a668acf,NO,1,identity,unique_confirmed
5dbc3fe56455ce1a_2f44f20c_6c77_439b_9528_f5ab5242dd4d_com_g_spm_fl_1483.jpg,unique_5dbc3fe564,NO,1,identity,unique_confirmed
25d12ca5cd9fe0a5_ac3cffb3_eb0b_4be4_9acd_c36d412b7faf_com_g_spm_fl_1338.jpg,unique_25d12ca5cd,NO,1,identity,unique_confirmed
2f8601bc7ac7a6f6_a72e3d6b_3c1b_4e2f_83b3_26eef0e1c3f3_com_g_spm_fl_1311.jpg,unique_2f8601bc7a,NO,1,identity,unique_confirmed
054908361377fa94_1d7350c2_9ca5_42c8_89bd_6c6f94dd6459_com_g_spm_fl_8803.jpg,unique_0549083613,NO,1,identity,unique_confirmed
fa9ae23293a91431_35cff873_5b93_4de6_9790_783f42cd6b5d_com_g_spm_fl_8779.jpg,unique_fa9ae23293,NO,1,identity,unique_confirmed
bd3bfcc4414d5e09_80288a30_b830_4bb8_8477_4491a125368d_com_g_spm_fl_1475.jpg,unique_bd3bfcc441,NO,1,identity,unique_confirmed
8263793b579f3454_7ee332d2_c589_4d11_8602_e96a622bc4d1_com_g_spm_fl_1702.jpg,unique_8263793b57,NO,1,identity,unique_confirmed
986c8e44053644a0_1747e771_a2c7_43e0_a158_02a78ec13d74_com_g_spm_fl_9625.jpg,unique_986c8e4405,NO,1,identity,unique_confirmed
09507e6feedae799_33e011de_c050_4433_a251_aedbbf3886a1_com_g_spm_fl_8932.jpg,unique_09507e6fee,NO,1,identity,unique_confirmed
b19519615098c7c8_e1ba0c90_f560_4c89_beaf_6ca97802824e_com_g_spm_fl_1712.jpg,unique_b195196150,NO,1,identity,unique_confirmed
56d4300b21608a07_01854aac_d409_4136_b885_3df6943cc349_com_g_spm_fl_1374.jpg,unique_56d4300b21,NO,1,identity,unique_confirmed
bcc3779550576eb4_8491faa9_0ef0_4ece_a3f7_7617ad9c024c_com_g_spm_fl_8977.jpg,unique_bcc3779550,NO,1,identity,unique_confirmed
d8d52ab47ccff891_8f95a0cc_1a3c_477d_8872_8638f1df5361_com_g_spm_fl_8833.jpg,unique_d8d52ab47c,NO,1,identity,unique_confirmed
c8261787fd45b7a8_83a27731_ec0a_4741_873a_a71aea0809bb_com_g_spm_fl_8523.jpg,unique_c8261787fd,NO,1,identity,unique_confirmed
9c880f0bf1586045_713f5bab_4bd9_4be1_be80_95ad81937b6a_com_g_spm_fl_8819.jpg,unique_9c880f0bf1,NO,1,identity,unique_confirmed
165ebef9a898cfc4_7049a2b8_79a8_4ec3_9d10_24c966ca9d9d_com_g_spm_fl_1600.jpg,unique_165ebef9a8,NO,1,identity,unique_confirmed
d9263c0cd344b7d5_9c82d063_388e_4747_bdd5_c369b1b80972_com_g_spm_fl_9648.jpg,unique_d9263c0cd3,NO,1,identity,unique_confirmed
0607b878e3ce53ee_3471da6b_4a47_4dfb_bf6e_8e9bf462ff5b_com_g_spm_fl_1638.jpg,unique_0607b878e3,NO,1,identity,unique_confirmed
fe0ee30c8ed6bcae_ff9a52b5_b200_4f23_9e0d_629b1a0e89db_com_g_spm_fl_8634.jpg,unique_fe0ee30c8e,NO,1,identity,unique_confirmed
03c7014d8686d6df_ffb00771_1462_4c9d_962b_7aaa7e8d5a51_com_g_spm_fl_1411.jpg,unique_03c7014d86,NO,1,identity,unique_confirmed
59ddefc9ba66317b_d8a1b62d_7ea5_417c_aceb_b466f7822690_com_g_spm_fl_9487.jpg,unique_59ddefc9ba,NO,1,identity,unique_confirmed
0db56af63eed54c7_8e9d2760_5d55_4ec6_9a38_43327038d2b2_com_g_spm_fl_8647.jpg,unique_0db56af63e,NO,1,identity,unique_confirmed
1ab408f1c57e9b99_e8c55c07_a9fe_4fcb_8e45_846cfe14eb59_com_g_spm_fl_1501.jpg,unique_1ab408f1c5,NO,1,identity,unique_confirmed
acbb442ab01edcc4_418da11b_7ab4_404a_8179_555235e3f283_com_g_spm_fl_1514.jpg,unique_acbb442ab0,NO,1,identity,unique_confirmed
a5ff3e70cae9fb84_a0501b8f_a2b6_424e_8208_72b779eb5654_com_g_spm_fl_8941.jpg,unique_a5ff3e70ca,NO,1,identity,unique_confirmed
9a5a865793cece99_4507779d_5b5d_4c5d_83d4_8eea46679249_com_g_spm_fl_9324.jpg,unique_9a5a865793,NO,1,identity,unique_confirmed
adccd34cac116502_e1170356_0933_423b_a247_fa0da8b52cea_com_g_spm_fl_1239.jpg,unique_adccd34cac,NO,1,identity,unique_confirmed
44d44617607550aa_6ae5f2cd_c609_4fe1_865f_2953dadd0953_com_g_spm_fl_1180.jpg,unique_44d4461760,NO,1,identity,unique_confirmed
e78c06c0f1b2a60b_0eead1ad_106f_4bb7_8e9e_4ed03cdeb7ab_com_g_spm_fl_1319.jpg,unique_e78c06c0f1,NO,1,identity,unique_confirmed
ce27b80fda9e056d_a5c94846_a321_407d_b2d9_b29d18e24911_com_g_spm_fl_1555.jpg,unique_ce27b80fda,NO,1,identity,unique_confirmed
4bdb12237cdd4711_1948cb2f_39fc_44f4_ab8c_00aa77fbe07f_com_g_spm_fl_8674.jpg,unique_4bdb12237c,NO,1,identity,unique_confirmed
3c7b0291d9089bee_487fcd80_d74a_4e29_8959_7c02de6c5846_com_g_spm_fl_1240.jpg,unique_3c7b0291d9,NO,1,identity,unique_confirmed
83754ae3afe74395_05be6ebc_1641_4707_91da_9b5650b9641a_com_g_spm_fl_8857.jpg,unique_83754ae3af,NO,1,identity,unique_confirmed
c51625d8fd2f3ab9_27b8928e_4fd2_4e84_bdb9_670a431477e0_com_g_spm_fl_8707.jpg,unique_c51625d8fd,NO,1,identity,unique_confirmed
28ab69b31362674b_f1588800_6f56_478b_8930_8d55cb309b24_com_g_spm_fl_9274.jpg,unique_28ab69b313,NO,1,identity,unique_confirmed
4678145d15d140a6_ec674ddd_4f99_441f_a537_a78935cd454d_com_g_spm_fl_9575.jpg,unique_4678145d15,NO,1,identity,unique_confirmed
5fe5980ce053bdbf_d2184d36_c149_4bab_bc07_66c9afce4567_com_g_spm_fl_9507.jpg,unique_5fe5980ce0,NO,1,identity,unique_confirmed
b827ea7bad412aaf_e9b2e448_c8b7_4fde_b1f2_1ab86dce0b86_com_g_spm_fl_1330.jpg,unique_b827ea7bad,NO,1,identity,unique_confirmed
7b6566be567b0438_9b6eb8d6_6649_4a39_8c45_41e63bf649ed_com_g_spm_fl_9572.jpg,unique_7b6566be56,NO,1,identity,unique_confirmed
844285b590116ec9_d7ec2060_8c68_4b79_af37_c13bc51f9226_com_g_spm_fl_8595.jpg,unique_844285b590,NO,1,identity,unique_confirmed
aaa9a53c791555a9_13a2ffdb_0bf0_40e2_96f0_d8ce463a73d8_com_g_spm_fl_9300.jpg,unique_aaa9a53c79,NO,1,identity,unique_confirmed
2a3e3a4c0bfa2acf_0889ce0b_097f_4824_a46e_7ed9a01a4862_com_g_spm_fl_1435.jpg,unique_2a3e3a4c0b,NO,1,identity,unique_confirmed
30401dacb59ee705_11c54a04_20e8_439c_b520_2d5a3c18d12b_com_g_spm_fl_8875.jpg,unique_30401dacb5,NO,1,identity,unique_confirmed
28b2d3b2abdda577_4795bf1b_66bd_43ce_9a81_a8b391cf157a_com_g_spm_fl_1421.jpg,unique_28b2d3b2ab,NO,1,identity,unique_confirmed
1076aa8c95991e7d_19f1a490_694f_45f1_a606_00c800a4d10b_com_g_spm_fl_1492.jpg,unique_1076aa8c95,NO,1,identity,unique_confirmed
b759a2d7a1943ce4_92d70b79_4175_4994_b706_e4ba8805f8d6_com_g_spm_fl_8434.jpg,unique_b759a2d7a1,NO,1,identity,unique_confirmed
b4a6c48b81e3b41e_f7dfed71_b4a6_47ab_b61f_1b5326ec3821_com_g_spm_fl_8700.jpg,unique_b4a6c48b81,NO,1,identity,unique_confirmed
e44cf2a4c7aacf99_5e4d96fa_4eec_4d95_a3a2_6d6afbc5a004_com_g_spm_fl_9496.jpg,unique_e44cf2a4c7,NO,1,identity,unique_confirmed
6d7a72e3e3180fdc_0cee18fc_bbbd_40dd_8d73_93df072c09ea_com_g_spm_fl_8904.jpg,unique_6d7a72e3e3,NO,1,identity,unique_confirmed
975c231d76bad417_0c142adf_5d26_4593_a7b3_d16a07f1df33_com_g_spm_fl_8768.jpg,unique_975c231d76,NO,1,identity,unique_confirmed
c77b4c14dc33e9d3_dbf92257_e88c_45b3_b5c4_0731bab518e3_com_g_spm_fl_1297.jpg,unique_c77b4c14dc,NO,1,identity,unique_confirmed
e63c527749859151_6f12dc84_08a1_4e68_8265_1974061ba939_com_g_spm_fl_8430.jpg,unique_e63c527749,NO,1,identity,unique_confirmed
8f46dcfe8a67a081_f88f405a_176b_479c_9028_913957456752_com_g_spm_fl_9638.jpg,unique_8f46dcfe8a,NO,1,identity,unique_confirmed
bb6f8bb1a352938e_c2ad3c75_0f64_405a_832f_50f258c188ca_com_g_spm_fl_8581.jpg,unique_bb6f8bb1a3,NO,1,identity,unique_confirmed
6f35dac02b93dcec_bca81576_c729_4649_bfe0_1b37d8bd314f_com_g_spm_fl_8655.jpg,unique_6f35dac02b,NO,1,identity,unique_confirmed
c7429760c9015443_174b7a43_238b_4f06_84b0_d00b35857bb3_com_g_spm_fl_9267.jpg,unique_c7429760c9,NO,1,identity,unique_confirmed
01c5a5567d13b4ce_4a6a93a5_d51c_4769_8669_12ec54d87ce6_com_g_spm_fl_9441.jpg,unique_01c5a5567d,NO,1,identity,unique_confirmed
868084eef8d792d8_1513f896_fb53_4f0f_9b11_a31a01196221_com_g_spm_fl_8995.jpg,unique_868084eef8,NO,1,identity,unique_confirmed
9b82d59f6b41b92b_36bc7e45_53e7_4f51_8135_731b80eaf80b_com_g_spm_fl_8918.jpg,unique_9b82d59f6b,NO,1,identity,unique_confirmed
4f49ede05ab5a194_fe7f0ec0_35b0_49b0_836e_1fa902ee7723_com_g_spm_fl_8739.jpg,unique_4f49ede05a,NO,1,identity,unique_confirmed
bba36f711ac12c89_77d5f7bf_a888_43f2_8403_82a01a10bf12_com_g_spm_fl_9579.jpg,unique_bba36f711a,NO,1,identity,unique_confirmed
a1feaa874eba2ac7_8b4b9281_cf1e_407e_acf7_5ead938e57d1_com_g_spm_fl_9597.jpg,unique_a1feaa874e,NO,1,identity,unique_confirmed
760212c7979086d3_c5b6b543_1fe9_4607_94c2_3342dcc92043_com_g_spm_fl_1289.jpg,unique_760212c797,NO,1,identity,unique_confirmed
dd0b365bab520364_4d9645fa_c250_4224_b730_21710bf11596_com_g_spm_fl_8755.jpg,unique_dd0b365bab,NO,1,identity,unique_confirmed
c0e06305f3dbf95f_062c5345_1a64_4dba_8c58_0d72902742c1_com_g_spm_fl_8874.jpg,unique_c0e06305f3,NO,1,identity,unique_confirmed
1cf2ed4ebe7d8a90_9ece45c2_51c5_422d_848d_faad730c7369_com_g_spm_fl_8684.jpg,unique_1cf2ed4ebe,NO,1,identity,unique_confirmed
48b8e56d061c83f6_57947620_7dfb_4197_8e9a_c78b56e43ba4_com_g_spm_fl_9527.jpg,unique_48b8e56d06,NO,1,identity,unique_confirmed
6d13a064403d464e_b867a878_d563_40e1_a0f5_7037f4918842_com_g_spm_fl_1354.jpg,unique_6d13a06440,NO,1,identity,unique_confirmed
932369ccec086c96_d50b9da6_eb7a_4552_aea7_d74b6da2e071_com_g_spm_fl_8607.jpg,unique_932369ccec,NO,1,identity,unique_confirmed
0c3843358f8c9ed3_ae60fb8a_1774_422b_a141_869d27d74e22_com_g_spm_fl_9378.jpg,unique_0c3843358f,NO,1,identity,unique_confirmed
dd51b7ce024f07dc_0d831ad9_bc2a_4168_bbf2_6030f3f886f2_com_g_spm_fl_9419.jpg,unique_dd51b7ce02,NO,1,identity,unique_confirmed
1e70f44393889ad4_44dce7b4_5da6_4f1f_8e5d_9e3e5df7b1af_com_g_spm_fl_1687.jpg,unique_1e70f44393,NO,1,identity,unique_confirmed
a4618d32d1ca2aa1_75ff9553_3292_4a04_b856_2268da814f68_com_g_spm_fl_8548.jpg,unique_a4618d32d1,NO,1,identity,unique_confirmed
00c24fa166fec8c7_d4e977cb_3fb3_4c10_bdf7_5fd5dd76fcfa_com_g_spm_fl_9592.jpg,unique_00c24fa166,NO,1,identity,unique_confirmed
506d77127ac83ad8_9e32ffed_d994_44ac_bc0b_5e934842d1da_com_g_spm_fl_9576.jpg,unique_506d77127a,NO,1,identity,unique_confirmed
b5efa9cdb092e129_900034b9_3cd5_4456_b75b_39e645e25a43_com_g_spm_fl_8751.jpg,unique_b5efa9cdb0,NO,1,identity,unique_confirmed
0ae007bef2b990bc_d7c5cad4_147a_4dc9_9973_e35bfe0e1e8d_com_g_spm_fl_8442.jpg,unique_0ae007bef2,NO,1,identity,unique_confirmed
63c4ed6672549f1b_2fb77f60_ae5b_40c4_b6fb_3c90ac55ccd4_com_g_spm_fl_9367.jpg,unique_63c4ed6672,NO,1,identity,unique_confirmed
f331d2135d52b149_29c03d6f_93d8_4dbe_b2f3_456970337a46_com_g_spm_fl_1485.jpg,unique_f331d2135d,NO,1,identity,unique_confirmed
fe7d7a99dc1b1cc2_f2de2fe3_4211_46c1_b8f3_47fe31eb40a7_com_g_spm_fl_1540.jpg,unique_fe7d7a99dc,NO,1,identity,unique_confirmed
b23d6c1cfd4b2b4f_a220e9d0_2c68_4692_8955_dc931924fa17_com_g_spm_fl_8452.jpg,unique_b23d6c1cfd,NO,1,identity,unique_confirmed
4d826b217fbf5ad6_25245f74_df2c_442d_8146_bdf161cc18f2_com_g_spm_fl_1419.jpg,unique_4d826b217f,NO,1,identity,unique_confirmed
3c10c27b8071f664_e5cfe36c_5c1a_4803_9cde_2df158861c95_com_g_spm_fl_8555.jpg,unique_3c10c27b80,NO,1,identity,unique_confirmed
de4ba881f1b1a13c_7a8889b9_f108_4401_8c13_476f9a952161_com_g_spm_fl_9517.jpg,unique_de4ba881f1,NO,1,identity,unique_confirmed
02a32fd034818eb3_91d12160_d389_43de_a3f5_d885d049b81a_com_g_spm_fl_9332.jpg,unique_02a32fd034,NO,1,identity,unique_confirmed
b85c5e528985d70e_d2414051_ad35_4413_8305_9285c5acdc79_com_g_spm_fl_9524.jpg,unique_b85c5e5289,NO,1,identity,unique_confirmed
a32182a922fc7c1c_d84c96bc_e98b_4842_accb_65e814458631_com_g_spm_fl_1628.jpg,unique_a32182a922,NO,1,identity,unique_confirmed
41f636365887f191_9ab54b59_cf04_4f64_aab7_57b64de6ac44_com_g_spm_fl_1225.jpg,unique_41f6363658,NO,1,identity,unique_confirmed
f540bd59d3c179c3_13d71bfc_b33a_42ca_962b_3de4bc7faf9c_com_g_spm_fl_1346.jpg,unique_f540bd59d3,NO,1,identity,unique_confirmed
a05a5018b062882e_329e5281_32c7_486b_86bc_1333ace123d0_com_g_spm_fl_1327.jpg,unique_a05a5018b0,NO,1,identity,unique_confirmed
5549112fe8478ae8_a36909f2_39bf_4ec8_b7bd_920cd3167042_com_g_spm_fl_9373.jpg,unique_5549112fe8,NO,1,identity,unique_confirmed
4258f01970c1a1d4_3bc0207a_406f_49e9_bf64_7082897ef2a4_com_g_spm_fl_1583.jpg,unique_4258f01970,NO,1,identity,unique_confirmed
b5a8e28a2b7071f4_8a3d2ca0_3ee0_4506_9d69_e3f9b267d540_com_g_spm_fl_1662.jpg,unique_b5a8e28a2b,NO,1,identity,unique_confirmed
be7d74a989e06a44_cb4b61d2_35ed_4543_ac39_c79f5c268034_com_g_spm_fl_9569.jpg,unique_be7d74a989,NO,1,identity,unique_confirmed
9c7e338b11ce63e0_77c058b8_2001_4416_8c49_0eb206ba4f57_com_g_spm_fl_1219.jpg,unique_9c7e338b11,NO,1,identity,unique_confirmed
ef72f11ef32be814_e7206ec6_3690_4f86_8008_d5898aa8beb3_com_g_spm_fl_8583.jpg,unique_ef72f11ef3,NO,1,identity,unique_confirmed
338b8ac03f81246f_94c272c0_153b_4aad_8f26_556248869c78_com_g_spm_fl_8585.jpg,unique_338b8ac03f,NO,1,identity,unique_confirmed
e2fecb0108822a7c_459c4521_e2ec_43e8_a5ce_da263ed4f8ea_com_g_spm_fl_9005.jpg,unique_e2fecb0108,NO,1,identity,unique_confirmed
6fac0851e8bbd696_7ab3ac9c_629e_4ca0_af0e_07e84c4a8d13_com_g_spm_fl_9623.jpg,unique_6fac0851e8,NO,1,identity,unique_confirmed
46b0204018a4b320_3eb2dbc2_ea12_40b3_9d38_11d5bfa97af1_com_g_spm_fl_9316.jpg,unique_46b0204018,NO,1,identity,unique_confirmed
1ff9c77c1ba49a41_e270ed42_3e95_4187_be66_83cf963a785c_com_g_spm_fl_8988.jpg,unique_1ff9c77c1b,NO,1,identity,unique_confirmed
7b8431c8c4d0f586_5baec3fa_4a77_4bee_96b3_330696b48f8a_com_g_spm_fl_8658.jpg,unique_7b8431c8c4,NO,1,identity,unique_confirmed
c8347586add06c43_d1d2eb37_6849_4a57_a138_3e9ad92d4aa1_com_g_spm_fl_8938.jpg,unique_c8347586ad,NO,1,identity,unique_confirmed
3f3b6695ef9d7c4d_64603741_48ad_46ad_96fd_33b1f1269a38_com_g_spm_fl_8823.jpg,unique_3f3b6695ef,NO,1,identity,unique_confirmed
0a49c04f9da9df91_c045a7cf_d267_4a35_ba73_4441c220072f_com_g_spm_fl_8762.jpg,unique_0a49c04f9d,NO,1,identity,unique_confirmed
073ce16b9c0d3b42_84838a39_2c68_42ed_a423_04e4398460b6_com_g_spm_fl_1781.jpg,unique_073ce16b9c,NO,1,identity,unique_confirmed
aa7f195de3c0325a_ac81a4df_1cde_4752_837d_ad979ab48bb0_com_g_spm_fl_8570.jpg,unique_aa7f195de3,NO,1,identity,unique_confirmed
14ffb73a587fa8fe_3ad81dac_39c6_422a_95f9_1a7834d474ec_com_g_spm_fl_8913.jpg,unique_14ffb73a58,NO,1,identity,unique_confirmed
ad106d450af3e0db_89188288_ad6b_4327_b712_3c3dbe08e5eb_com_g_spm_fl_8495.jpg,unique_ad106d450a,NO,1,identity,unique_confirmed
c90bfe7bf9f607d4_29be21be_a2ed_4ffd_b76a_7c078a9fc017_com_g_spm_fl_1446.jpg,unique_c90bfe7bf9,NO,1,identity,unique_confirmed
004591bb8ebece30_628066de_63be_46b5_95fb_daf6096d4d6d_com_g_spm_fl_1566.jpg,unique_004591bb8e,NO,1,identity,unique_confirmed
44341719c52fb170_25025d43_973f_4f07_8a3f_0457749ea4e6_com_g_spm_fl_9642.jpg,unique_44341719c5,NO,1,identity,unique_confirmed
161a2cf052c39821_baf7d9c0_d6fc_4cda_a5a1_6697b1e4a38b_com_g_spm_fl_1696.jpg,unique_161a2cf052,NO,1,identity,unique_confirmed
756b5017fd7ac414_57649e25_07c1_4435_9084_6da48a1cc72f_com_g_spm_fl_1734.jpg,unique_756b5017fd,NO,1,identity,unique_confirmed
04a88af50345d822_a3e550eb_e6e8_4ec5_a2c3_9e7f34fb6292_com_g_spm_fl_8540.jpg,unique_04a88af503,NO,1,identity,unique_confirmed
e974dbb97f89898d_9833cceb_2727_4d3e_a605_6f18cd87211e_com_g_spm_fl_8985.jpg,unique_e974dbb97f,NO,1,identity,unique_confirmed
e500d8264b0f7e6c_4d8c0ff0_fc0e_4c17_8047_55843cdf22bf_com_g_spm_fl_1410.jpg,unique_e500d8264b,NO,1,identity,unique_confirmed
6de66827bd6a2766_717bd952_0dc6_4e7c_96b1_d0c30f208c58_com_g_spm_fl_9568.jpg,unique_6de66827bd,NO,1,identity,unique_confirmed
8c0db9b36c7a0de2_ba228541_4441_4e15_9d4d_7cd4aababf12_com_g_spm_fl_8453.jpg,unique_8c0db9b36c,NO,1,identity,unique_confirmed
59f24d66bdecb951_cd129e3c_c287_47c0_8fb8_ff7eccc971ba_com_g_spm_fl_8878.jpg,unique_59f24d66bd,NO,1,identity,unique_confirmed
aa478e5bd946c74f_6217205d_283e_4ee9_9b4a_15d4eed299c9_com_g_spm_fl_1737.jpg,unique_aa478e5bd9,NO,1,identity,unique_confirmed
a90d55993b3c2446_f20dd5c4_0df6_46bf_91a5_12ef264326f0_com_g_spm_fl_1367.jpg,unique_a90d55993b,NO,1,identity,unique_confirmed
66aedfcd899a3ebb_4a1fef3f_35be_48ca_9e6c_78d5578c727a_com_g_spm_fl_1316.jpg,unique_66aedfcd89,NO,1,identity,unique_confirmed
898240279f6cc940_bdd3d14d_1153_4bc0_9ccd_9e484a75c6a5_com_g_spm_fl_1715.jpg,unique_898240279f,NO,1,identity,unique_confirmed
f3f08f0b0fab5311_82be04b8_6e17_4388_a60c_9d074a798174_com_g_spm_fl_8649.jpg,unique_f3f08f0b0f,NO,1,identity,unique_confirmed
95f8719e17d9ac89_1e802d57_3ff5_4527_8c9a_b1b764d6ccc9_com_g_spm_fl_1522.jpg,unique_95f8719e17,NO,1,identity,unique_confirmed
6a6006ce7208dc80_7fc57b6c_2b51_481d_aaf2_97a935f8765d_com_g_spm_fl_1526.jpg,unique_6a6006ce72,NO,1,identity,unique_confirmed
769053190ec8b2bc_913333d7_2858_4bb0_b3c1_65b33667e0db_com_g_spm_fl_1432.jpg,unique_769053190e,NO,1,identity,unique_confirmed
7b6d167b39572ea2_e413f08a_f5dd_454a_b059_b81bb35c8509_com_g_spm_fl_8470.jpg,unique_7b6d167b39,NO,1,identity,unique_confirmed
1a82868e8de61b2a_f6d125d8_795a_40ac_91d7_142f6cf023eb_com_g_spm_fl_9262.jpg,unique_1a82868e8d,NO,1,identity,unique_confirmed
9b1d96867144d394_3ca50b98_7e7c_4164_b53f_abf3c28b513f_com_g_spm_fl_1740.jpg,unique_9b1d968671,NO,1,identity,unique_confirmed
9e416814e2e10a4f_ad4a99a4_3dc7_4401_85d6_d803b9fcc70a_com_g_spm_fl_1762.jpg,unique_9e416814e2,NO,1,identity,unique_confirmed
8cccba3ff1d29fa6_84399e4f_1c78_4e26_8e7b_961ee21fa3c2_com_g_spm_fl_1586.jpg,unique_8cccba3ff1,NO,1,identity,unique_confirmed
5999a5a98885c02e_54990f90_575c_4cfc_936d_6c898aeabc03_com_g_spm_fl_8948.jpg,unique_5999a5a988,NO,1,identity,unique_confirmed
49838bfffcf96d2d_955a0b0a_915d_4f6b_b433_c365c8a4b9f6_com_g_spm_fl_9600.jpg,unique_49838bfffc,NO,1,identity,unique_confirmed
408e238d23d79847_32cf04f5_dd0f_4c8b_9b92_f7b9b44b347e_com_g_spm_fl_8738.jpg,unique_408e238d23,NO,1,identity,unique_confirmed
f911cf34e4e28c10_529646d8_5a02_4db8_b693_dd8232dd189f_com_g_spm_fl_8592.jpg,unique_f911cf34e4,NO,1,identity,unique_confirmed
64b91f19059d5e0f_ddee35e3_fc0b_4251_adec_dda227bffcd5_com_g_spm_fl_1646.jpg,unique_64b91f1905,NO,1,identity,unique_confirmed
484a63acf7a9f378_8e2bcfaf_0564_4d2b_966d_b69dc9492ed9_com_g_spm_fl_9436.jpg,unique_484a63acf7,NO,1,identity,unique_confirmed
59fc9e601106626b_1075cc73_3ea9_47c1_a92d_98cda4b222b7_com_g_spm_fl_9467.jpg,unique_59fc9e6011,NO,1,identity,unique_confirmed
8d23c41d3dc5cf4e_61b545b4_309c_4eff_9fe7_e0979dbe3c40_com_g_spm_fl_1322.jpg,unique_8d23c41d3d,NO,1,identity,unique_confirmed
d0152d458fb7d486_df590ea7_bdf5_410b_8063_dbdaa9a5a228_com_g_spm_fl_1461.jpg,unique_d0152d458f,NO,1,identity,unique_confirmed
a69ee143509c80ef_c0d069ac_9dd3_47b8_bb09_3d690374f775_com_g_spm_fl_1700.jpg,unique_a69ee14350,NO,1,identity,unique_confirmed
99f090a2a7f4f77f_4f67760e_24e8_4a5d_8162_93e0ce8d93f7_com_g_spm_fl_1146.jpg,unique_99f090a2a7,NO,1,identity,unique_confirmed
ec93751dfc86edba_7cbad09d_030d_49c2_9262_0dc859f72790_com_g_spm_fl_8504.jpg,unique_ec93751dfc,NO,1,identity,unique_confirmed
39a77ac277a2b57f_b53f6bc0_afaf_41f5_bee3_2b8ff9925c18_com_g_spm_fl_8467.jpg,unique_39a77ac277,NO,1,identity,unique_confirmed
fac0dc38299ce43b_cbe7150c_300c_4dd1_baae_8e4f1f51d242_com_g_spm_fl_8801.jpg,unique_fac0dc3829,NO,1,identity,unique_confirmed
98ff81c541070e4c_5ba81aa5_31af_4494_8805_ab9d38716626_com_g_spm_fl_1309.jpg,unique_98ff81c541,NO,1,identity,unique_confirmed
c9fae063e475d500_3b62abc2_b01e_4a47_bc67_fd677a3840fe_com_g_spm_fl_8787.jpg,unique_c9fae063e4,NO,1,identity,unique_confirmed
fd1d11bacdfdbc81_2a6aa96a_1916_4d47_932a_9eda7ca46c91_com_g_spm_fl_8497.jpg,unique_fd1d11bacd,NO,1,identity,unique_confirmed
9bc9efba62093b14_737e3c49_a2d9_46f4_8c40_bcc5bc7343d2_com_g_spm_fl_1767.jpg,unique_9bc9efba62,NO,1,identity,unique_confirmed
991cc09244ef8844_273ebba7_4f24_41a2_a825_a997dd6cea5f_com_g_spm_fl_1521.jpg,unique_991cc09244,NO,1,identity,unique_confirmed
a1fe87f151c0959b_8d99fef6_aef1_4e74_84c4_eb713aaef8af_com_g_spm_fl_8726.jpg,unique_a1fe87f151,NO,1,identity,unique_confirmed
ae978067285ed8b3_abfc3926_5ff5_46c0_a131_0853b4e686b3_com_g_spm_fl_1162.jpg,unique_ae97806728,NO,1,identity,unique_confirmed
6da8a0d552af3e30_92ea86a5_eefd_480b_a00a_b4b791659e6f_com_g_spm_fl_9341.jpg,unique_6da8a0d552,NO,1,identity,unique_confirmed
d15a800c518d232d_c6226a88_30ef_4b8e_bc8a_f0859551b410_com_g_spm_fl_8436.jpg,unique_d15a800c51,NO,1,identity,unique_confirmed
673fe006d5e6f1ae_532a5b7f_47f0_4f22_a0fa_5a4a873884d9_com_g_spm_fl_8818.jpg,unique_673fe006d5,NO,1,identity,unique_confirmed
70320ef248f91939_84576436_8772_4a27_8575_47a0e45adb81_com_g_spm_fl_1229.jpg,unique_70320ef248,NO,1,identity,unique_confirmed
b6c1849c9b5cb44a_88b7e7b3_a94a_449c_8a7b_ed96ec541690_com_g_spm_fl_8437.jpg,unique_b6c1849c9b,NO,1,identity,unique_confirmed
593b51408eea9c79_a0120655_58c5_4e0d_820a_9ebc3ba45717_com_g_spm_fl_8925.jpg,unique_593b51408e,NO,1,identity,unique_confirmed
33463547e97f5b1f_e1d723d5_d1dc_4116_9940_1b3e68d7e14b_com_g_spm_fl_1553.jpg,unique_33463547e9,NO,1,identity,unique_confirmed
9043418c2b889116_70787448_85e1_4479_a11b_86c52893ff22_com_g_spm_fl_9368.jpg,unique_9043418c2b,NO,1,identity,unique_confirmed
f435a99ddb11e3f0_639eff16_558f_469d_95c3_9c526fc4f62a_com_g_spm_fl_1429.jpg,unique_f435a99ddb,NO,1,identity,unique_confirmed
83ccec359017ac80_4e6c3abe_6ba6_41d2_b748_a349e40a79aa_com_g_spm_fl_8885.jpg,unique_83ccec3590,NO,1,identity,unique_confirmed
cf8fe8b1b433df42_d83e3292_0be8_43b9_8215_4705a452a08a_com_g_spm_fl_1642.jpg,unique_cf8fe8b1b4,NO,1,identity,unique_confirmed
3c214bc3402f1b59_fbd05119_3078_4761_9b2b_5291e73e85ae_com_g_spm_fl_1292.jpg,unique_3c214bc340,NO,1,identity,unique_confirmed
4a317d3f90d7e406_abda41fb_2ee5_4865_a198_e6c088b51178_com_g_spm_fl_9482.jpg,unique_4a317d3f90,NO,1,identity,unique_confirmed
b1b00154997e7042_c217e737_77c7_4df5_baec_e451e47dc991_com_g_spm_fl_9580.jpg,unique_b1b0015499,NO,1,identity,unique_confirmed
59b201f5114eb131_adbac054_fccb_4578_8139_b91bea38110b_com_g_spm_fl_8812.jpg,unique_59b201f511,NO,1,identity,unique_confirmed
0d845070b6fb050c_73376b86_f114_44cb_9e4a_c08ad133208c_com_g_spm_fl_9386.jpg,unique_0d845070b6,NO,1,identity,unique_confirmed
709cd6a8afd295b0_35a278b4_e474_4a62_99d5_80bb10639193_com_g_spm_fl_1368.jpg,unique_709cd6a8af,NO,1,identity,unique_confirmed
f3e4f993c9863656_4f355304_d619_4594_8370_a0863049bf4d_com_g_spm_fl_8981.jpg,unique_f3e4f993c9,NO,1,identity,unique_confirmed
a493b934dd38adaf_2c3edf31_5e58_4122_a909_be004063db57_com_g_spm_fl_8839.jpg,unique_a493b934dd,NO,1,identity,unique_confirmed
504ea5d14e2e64ba_fff3aeaf_d4ae_4f3a_86d9_79237d07270f_com_g_spm_fl_9349.jpg,unique_504ea5d14e,NO,1,identity,unique_confirmed
acb62c3b3b10b998_e7b889f3_d580_426e_83fb_6519f43935ef_com_g_spm_fl_8690.jpg,unique_acb62c3b3b,NO,1,identity,unique_confirmed
cbcd944b6f4ff5ce_3b5769b2_b497_47de_9992_bc328452b1ee_com_g_spm_fl_8824.jpg,unique_cbcd944b6f,NO,1,identity,unique_confirmed
e817692cf05ac40a_7bab59ec_2afa_4490_ba52_876dec478289_com_g_spm_fl_8618.jpg,unique_e817692cf0,NO,1,identity,unique_confirmed
d7fa01ab00170949_72deb702_3883_4023_8d27_936917947afb_com_g_spm_fl_8440.jpg,unique_d7fa01ab00,NO,1,identity,unique_confirmed
4b3ec72df274f4f6_3531f15b_53f7_4e0f_b80e_64a7b0e26fc9_com_g_spm_fl_8462.jpg,unique_4b3ec72df2,NO,1,identity,unique_confirmed
530179724c2b976b_b42de0fa_b2b5_45f1_b1cf_e4cab918cf5d_com_g_spm_fl_9385.jpg,unique_530179724c,NO,1,identity,unique_confirmed
08c147fde9ade953_5a5bbff6_4eae_4bda_ad08_f781109979cb_com_g_spm_fl_1175.jpg,unique_08c147fde9,NO,1,identity,unique_confirmed
fff3b94ebb3cad10_15b12baa_1e1f_4105_9c7a_6efd0bf0aa56_com_g_spm_fl_1701.jpg,unique_fff3b94ebb,NO,1,identity,unique_confirmed
b36a3e0dc43dac49_52082f00_79c2_4043_8af8_7cd8e10e7625_com_g_spm_fl_9615.jpg,unique_b36a3e0dc4,NO,1,identity,unique_confirmed
2d1639b372f69b70_1b51a575_adbd_406b_8371_754b6009e7fb_com_g_spm_fl_1769.jpg,unique_2d1639b372,NO,1,identity,unique_confirmed
c69cc4f72cdfc6e3_2ac9a09c_b68a_4dba_a5c9_ae740fc9b8d4_com_g_spm_fl_9651.jpg,unique_c69cc4f72c,NO,1,identity,unique_confirmed
032e5939787f19d7_cba3da7a_cc84_46bc_9df6_e249660653a4_com_g_spm_fl_1732.jpg,unique_032e593978,NO,1,identity,unique_confirmed
a61607d7f8375af4_c1f3630e_3f47_449c_88fb_31fef64a3ee2_com_g_spm_fl_9344.jpg,unique_a61607d7f8,NO,1,identity,unique_confirmed
75ad9bd7783d0947_d037aa6a_b990_4422_9af8_3f379bf06717_com_g_spm_fl_8518.jpg,unique_75ad9bd778,NO,1,identity,unique_confirmed
8ed01d5027caff24_2bc44ebe_0c50_4e13_b174_c7af34098ed9_com_g_spm_fl_9399.jpg,unique_8ed01d5027,NO,1,identity,unique_confirmed
0778fbebd26ed82b_f5f2ed23_a194_4bcb_bc9e_dc230cfe6c4e_com_g_spm_fl_9431.jpg,unique_0778fbebd2,NO,1,identity,unique_confirmed
d144246528ec6e4c_a0229f31_ff4c_43fb_92f0_932716d1756b_com_g_spm_fl_9599.jpg,unique_d144246528,NO,1,identity,unique_confirmed
f30b8a7b4d9eb33b_4fb1b62d_f244_4198_8643_27a14678180c_com_g_spm_fl_8642.jpg,unique_f30b8a7b4d,NO,1,identity,unique_confirmed
874b2bb86fa96c42_646aa524_ba89_4228_bd91_16d693ff1283_com_g_spm_fl_8835.jpg,unique_874b2bb86f,NO,1,identity,unique_confirmed
25ddf76cf665aa9e_fbc3d1d5_cffd_4362_83c7_c88f56697060_com_g_spm_fl_9532.jpg,unique_25ddf76cf6,NO,1,identity,unique_confirmed
d5446a89993d12ae_65b1f196_ba16_404c_b8fc_2b9bef99bd85_com_g_spm_fl_8447.jpg,unique_d5446a8999,NO,1,identity,unique_confirmed
72e44f545510312b_fb5551c8_d45c_4c92_8cd2_c389d4268c54_com_g_spm_fl_8827.jpg,unique_72e44f5455,NO,1,identity,unique_confirmed
268b5a441c311f39_d9787ae7_82d5_4447_97ad_32a9dbb3866f_com_g_spm_fl_1166.jpg,unique_268b5a441c,NO,1,identity,unique_confirmed
7ec444f49d20ad80_116999e1_33f4_41bc_a3a3_fbb3332bf143_com_g_spm_fl_1603.jpg,unique_7ec444f49d,NO,1,identity,unique_confirmed
7cee563a7d99ac54_68be2eef_b6dd_498d_afa6_ad8c369a4d3a_com_g_spm_fl_8851.jpg,unique_7cee563a7d,NO,1,identity,unique_confirmed
3920bf97163c0980_548ac4de_ccf8_45b0_bd2e_84d4456427dd_com_g_spm_fl_8553.jpg,unique_3920bf9716,NO,1,identity,unique_confirmed
36b4ca562379fdb6_b4734f01_4373_4566_ab26_535b4883d443_com_g_spm_fl_8816.jpg,unique_36b4ca5623,NO,1,identity,unique_confirmed
2cf280f2081ef187_fbee6995_18ee_41b3_802f_5853d4f3f1cd_com_g_spm_fl_1717.jpg,unique_2cf280f208,NO,1,identity,unique_confirmed
920e6fd96f8b694e_cc736449_0d02_4b8b_b8c1_d6bbcd7b863f_com_g_spm_fl_8954.jpg,unique_920e6fd96f,NO,1,identity,unique_confirmed
a3858acf4b24aebd_5325808a_1f2d_4824_9175_3d47e5104810_com_g_spm_fl_1539.jpg,unique_a3858acf4b,NO,1,identity,unique_confirmed
4e67b5ce04b4cf84_74f16a00_dacc_42ae_ba07_ed3a22ba1ecc_com_g_spm_fl_8625.jpg,unique_4e67b5ce04,NO,1,identity,unique_confirmed
c2e2c4b5300ce417_7c425456_e0e6_4594_a8ef_a195c4d5b088_com_g_spm_fl_9463.jpg,unique_c2e2c4b530,NO,1,identity,unique_confirmed
96c6f30ab0375a14_d962b1f4_8356_4c0b_ad76_da308c00a7b3_com_g_spm_fl_1622.jpg,unique_96c6f30ab0,NO,1,identity,unique_confirmed
5cbe51b35356fb70_e5465236_4d0d_44e8_b6fa_9d3c908306c2_com_g_spm_fl_1601.jpg,unique_5cbe51b353,NO,1,identity,unique_confirmed
9c4c19717bc7cea7_b1cb2b7a_afaf_4876_8fc0_25e9dce591a8_com_g_spm_fl_9264.jpg,unique_9c4c19717b,NO,1,identity,unique_confirmed
b454035b4b825152_057ecdbe_a9f1_47ff_8c5e_17ae92ff5670_com_g_spm_fl_8427.jpg,unique_b454035b4b,NO,1,identity,unique_confirmed
4ae1617422e25dd7_f822bd69_f201_488c_8f25_e3c4449ec308_com_g_spm_fl_8665.jpg,unique_4ae1617422,NO,1,identity,unique_confirmed
d40539cb8e283f17_932960b9_d5f1_4636_87dd_86620488c2b4_com_g_spm_fl_9587.jpg,unique_d40539cb8e,NO,1,identity,unique_confirmed
fb071f8d78551858_dc8a9f3d_1514_4bae_b79f_02c9fd4cc6a5_com_g_spm_fl_8671.jpg,unique_fb071f8d78,NO,1,identity,unique_confirmed
fa46846eb421a422_7513d5a2_ba48_4e0a_9d45_a6a37b645431_com_g_spm_fl_9387.jpg,unique_fa46846eb4,NO,1,identity,unique_confirmed
353d583eae8fab8d_dbdc03e7_aed5_415b_9b93_2e47ef27f1c3_com_g_spm_fl_8498.jpg,unique_353d583eae,NO,1,identity,unique_confirmed
a29f4887a26ca389_03fa54ef_d6cc_40f3_8ae2_469d1ab5b541_com_g_spm_fl_9653.jpg,unique_a29f4887a2,NO,1,identity,unique_confirmed
94d9bd14adca55fa_a6ab82be_a59d_4288_aec5_194d8d796a31_com_g_spm_fl_9322.jpg,unique_94d9bd14ad,NO,1,identity,unique_confirmed
d9c8494d27efc3c2_a67b81b4_ba9a_48eb_99cd_be36350a787e_com_g_spm_fl_8906.jpg,unique_d9c8494d27,NO,1,identity,unique_confirmed
8d455186f2aaebf8_0f514b75_2c74_4075_b9c7_5d469ab292ba_com_g_spm_fl_1205.jpg,unique_8d455186f2,NO,1,identity,unique_confirmed
90c355fd9890f8f5_b8f3fa26_1221_49a9_882c_635f9155d12a_com_g_spm_fl_8821.jpg,unique_90c355fd98,NO,1,identity,unique_confirmed
3bb3e482dfd63210_f47ddff5_50f1_4eb0_b8bf_6980fe776162_com_g_spm_fl_1695.jpg,unique_3bb3e482df,NO,1,identity,unique_confirmed
76a637a341c0f000_afd11a59_5ed8_4f8d_8e6e_280f6a4deced_com_g_spm_fl_8989.jpg,unique_76a637a341,NO,1,identity,unique_confirmed
ba4c5319de37f745_629cdfbf_12bb_4f71_a0b5_3a6a7bdf634a_com_g_spm_fl_9488.jpg,unique_ba4c5319de,NO,1,identity,unique_confirmed
f6efc606bb0cd3ee_5fc25157_2201_4a95_a8dc_3ea633ac3509_com_g_spm_fl_8729.jpg,unique_f6efc606bb,NO,1,identity,unique_confirmed
4c3d51f3b74fa8e0_9210af52_11b5_4c66_9772_876c52c2d3cc_com_g_spm_fl_1614.jpg,unique_4c3d51f3b7,NO,1,identity,unique_confirmed
b2b8a60c3812b80d_93c5643b_517d_46d1_ade3_e321b8206b88_com_g_spm_fl_9343.jpg,unique_b2b8a60c38,NO,1,identity,unique_confirmed
4428c67d3b7215ae_bafa7923_1efe_4e44_94b0_9427b6726bc1_com_g_spm_fl_9525.jpg,unique_4428c67d3b,NO,1,identity,unique_confirmed
6920d1da09304314_937cddd0_a34d_4b1d_8702_e96989c1bcf2_com_g_spm_fl_1186.jpg,unique_6920d1da09,NO,1,identity,unique_confirmed
7f55cd89f5b2312c_71648f5c_c9ee_4757_be82_4f8dce7ca3df_com_g_spm_fl_1228.jpg,unique_7f55cd89f5,NO,1,identity,unique_confirmed
f95fa1e2096b94a8_97b67701_3294_4612_8443_47c8f521ad55_com_g_spm_fl_8815.jpg,unique_f95fa1e209,NO,1,identity,unique_confirmed
72ee9d2b104f195b_7ea9c751_a6a5_4f57_b98f_856724ca2f19_com_g_spm_fl_1537.jpg,unique_72ee9d2b10,NO,1,identity,unique_confirmed
0e5aef03e472eed2_4007ccf0_3110_42bb_af17_3bcb34a30575_com_g_spm_fl_1320.jpg,unique_0e5aef03e4,NO,1,identity,unique_confirmed
0a3019d2a94baed1_3a2b3d76_060b_41c2_b6e5_44149f209b73_com_g_spm_fl_1321.jpg,unique_0a3019d2a9,NO,1,identity,unique_confirmed
797bd64f3a112d0d_07a04ca5_a3f3_43c7_b035_95eccd5ca39e_com_g_spm_fl_1401.jpg,unique_797bd64f3a,NO,1,identity,unique_confirmed
9528c53f88512ac8_14ad9c80_2dcc_4ed3_85d8_84e5621af8ae_com_g_spm_fl_1276.jpg,unique_9528c53f88,NO,1,identity,unique_confirmed
1dfe0610e0b24e9e_95379b0d_f7b4_4f9c_8eb4_860556e2eabb_com_g_spm_fl_1621.jpg,unique_1dfe0610e0,NO,1,identity,unique_confirmed
e7a0bfcde5d0dbec_002835d1_c18e_4471_aa6e_8d8c29585e9b_com_g_spm_fl_8584.jpg,unique_e7a0bfcde5,NO,1,identity,unique_confirmed
d0ae70fce6d5fcb5_7ceeca31_a339_4961_a7a3_5562bfc2ad5b_com_g_spm_fl_1355.jpg,unique_d0ae70fce6,NO,1,identity,unique_confirmed
c45a0f0cca3ed672_decfa616_56e5_472d_b1a3_cc9681f3676c_com_g_spm_fl_8659.jpg,unique_c45a0f0cca,NO,1,identity,unique_confirmed
d4b0d0f8ab3498c3_246bf675_01a0_4da1_90ab_a1b44d3768dd_com_g_spm_fl_8635.jpg,unique_d4b0d0f8ab,NO,1,identity,unique_confirmed
b885e95f39695d8c_1dde88ff_2897_4181_834f_e3629e3cd12c_com_g_spm_fl_9560.jpg,unique_b885e95f39,NO,1,identity,unique_confirmed
df749e6f14daee8c_e136c0bb_0587_431b_b412_0abe8eea294a_com_g_spm_fl_8919.jpg,unique_df749e6f14,NO,1,identity,unique_confirmed
5c99e66decc859f7_b329dfc5_3ec0_4d9b_a4d7_d78d50af9366_com_g_spm_fl_8712.jpg,unique_5c99e66dec,NO,1,identity,unique_confirmed
4cddfc7749f9d40e_5e01fe8b_38c3_4de6_beee_50266519f226_com_g_spm_fl_9376.jpg,unique_4cddfc7749,NO,1,identity,unique_confirmed
4020ccbbf817e3a6_466043c2_30e9_4ac4_a8c7_89b56a43fbbb_com_g_spm_fl_1275.jpg,unique_4020ccbbf8,NO,1,identity,unique_confirmed
fd14931b02933566_e813ff58_97d7_4261_a796_e17ab814bc88_com_g_spm_fl_9460.jpg,unique_fd14931b02,NO,1,identity,unique_confirmed
bd59394b2543e1dd_221d4e4f_36f9_4dd8_8204_b2551aa1d96a_com_g_spm_fl_8994.jpg,unique_bd59394b25,NO,1,identity,unique_confirmed
46f0d2174f021256_7a47822b_4724_4ecc_94ef_61d05836bef7_com_g_spm_fl_8620.jpg,unique_46f0d2174f,NO,1,identity,unique_confirmed
b64ed268d4ea1ffa_83066a1d_3c45_452b_af6e_55d6782c152d_com_g_spm_fl_9398.jpg,unique_b64ed268d4,NO,1,identity,unique_confirmed
8cf05c4d3133293f_e214cad9_04f5_46ec_95fe_a6388a207350_com_g_spm_fl_9013.jpg,unique_8cf05c4d31,NO,1,identity,unique_confirmed
6271d99bcf783f7f_221cfaea_f871_4675_91fd_fab2cf534d69_com_g_spm_fl_9655.jpg,unique_6271d99bcf,NO,1,identity,unique_confirmed
08e0513ab2758b9d_3181e984_bdb0_403d_9f58_a259535cb4d4_com_g_spm_fl_1405.jpg,unique_08e0513ab2,NO,1,identity,unique_confirmed
7834c0ab3cb9d81c_f9725539_49f8_4152_9c67_cc018fca8c87_com_g_spm_fl_1477.jpg,unique_7834c0ab3c,NO,1,identity,unique_confirmed
